,X1,X2,X3,X4,X5,X6,X7,X8,X9,Y1
668,0.64,784.0,343.0,220.5,-3.2810714289526786,4,0.1,2,10.409247953546533,15.34
324,0.62,808.5,367.5,220.5,8.703600740289113,2,0.1,5,10.722912355539997,12.59
624,0.98,514.5,294.0,110.25,16.60063165141489,4,0.1,5,10.550940370885982,24.03
690,0.71,710.5,269.5,220.5,7.205650336792985,3,0.1,5,2.7411967722197152,10.7
473,0.74,686.0,245.0,220.5,1.624737597469424,5,0.1,3,5.1025900448376715,10.38
204,0.64,784.0,343.0,220.5,19.688849753837115,3,0.0,0,6.845808371456359,10.54
97,0.86,588.0,294.0,147.0,16.88904577444974,4,0.25,5,2.734960535470708,28.31
336,0.62,808.5,367.5,220.5,0.9346589955424665,2,0.1,4,9.469207530295199,12.85
568,0.9,563.5,318.5,122.5,5.263863596605036,3,0.1,4,4.358167902989052,28.05
148,0.9,563.5,318.5,122.5,6.845916962124843,3,0.4,5,0.7923860991991093,35.01
667,0.79,637.0,343.0,147.0,5.255632836861009,4,0.25,5,4.009263815431427,39.01
212,0.62,808.5,367.5,220.5,-7.891657219601161,2,0.4,1,12.75227356407363,15.09
199,0.66,759.5,318.5,220.5,4.714063937989923,2,0.1,2,0.6095686358568293,11.45
265,0.79,637.0,343.0,147.0,12.490547655653607,5,0.1,3,-0.26473260204882587,36.7
760,0.66,759.5,318.5,220.5,19.39648889359553,4,0.4,2,4.739727141272006,15.09
356,0.69,735.0,294.0,220.5,1.148264418686542,4,0.1,5,-5.825890402043612,11.11
501,0.79,637.0,343.0,147.0,12.772500041009149,4,0.4,5,8.797409912475462,41.09
457,0.82,612.5,318.5,147.0,-1.1573147095369247,2,0.4,5,2.94266370148563,30.0
604,0.79,637.0,343.0,147.0,9.245091235921091,2,0.4,4,4.576859345243568,42.77
213,0.98,514.5,294.0,110.25,4.866781366124682,3,0.4,1,8.883202357512143,32.26
636,0.62,808.5,367.5,220.5,8.712175930716047,4,0.4,1,5.962625735118536,17.14
544,0.86,588.0,294.0,147.0,5.1616029553984495,3,0.4,2,-7.15062530838535,32.74
86,0.86,588.0,294.0,147.0,13.807183697343778,5,0.1,3,3.5520097957527694,26.46
208,0.86,588.0,294.0,147.0,5.556866545900737,2,0.1,1,-7.161214619965144,26.28
281,0.74,686.0,245.0,220.5,6.4090550609997425,4,0.25,5,-0.7132633071055299,11.64
209,0.69,735.0,294.0,220.5,14.482787797412241,5,0.25,1,8.310635784690275,12.72
581,0.69,735.0,294.0,220.5,7.7770326889794825,3,0.4,2,2.706028622434,14.71
639,0.9,563.5,318.5,122.5,6.947829478164335,2,0.4,4,-1.4673709056756117,36.45
328,0.86,588.0,294.0,147.0,3.9282298243811873,3,0.1,3,2.356925022904388,26.47
431,0.69,735.0,294.0,220.5,14.223688414322783,2,0.1,5,9.991410813079433,11.21
120,0.9,563.5,318.5,122.5,15.31289429936215,2,0.1,4,1.2653502456786274,29.06
363,0.66,759.5,318.5,220.5,3.8981894974476807,5,0.4,4,2.524707783308994,15.3
425,0.74,686.0,245.0,220.5,4.054754696290003,5,0.25,5,8.588563054313944,12.02
300,0.79,637.0,343.0,147.0,-1.697967510902421,2,0.1,5,9.875585675757875,37.03
67,0.66,759.5,318.5,220.5,0.22574049509516803,2,0.1,1,0.24939849962150606,11.68
338,0.71,710.5,269.5,220.5,5.340566073531217,4,0.4,3,0.7219522914400525,13.94
579,0.69,735.0,294.0,220.5,6.616913418967231,3,0.1,2,-2.134312000557757,11.46
66,0.79,637.0,343.0,147.0,1.4422949512875345,4,0.1,4,-0.4388660013832175,35.45
582,0.74,686.0,245.0,220.5,-17.585981912135022,3,0.4,2,6.26602999536404,14.45
78,0.98,514.5,294.0,110.25,1.7350680873979467,2,0.4,1,2.1247831813492937,32.26
482,0.82,612.5,318.5,147.0,2.359574069039656,3,0.4,1,7.890758864217743,29.91
456,0.79,637.0,343.0,147.0,11.516847407148802,5,0.1,2,3.570912276086797,36.03
30,0.74,686.0,245.0,220.5,-11.648917335630285,2,0.1,2,6.18159899939774,10.42
635,0.98,514.5,294.0,110.25,17.19900033022978,2,0.1,5,-6.514523809058625,24.35
33,0.82,612.5,318.5,147.0,0.46329095145447496,2,0.25,1,0.7994263751788608,26.84
31,0.74,686.0,245.0,220.5,5.206349658983509,5,0.25,2,2.3517805529419764,12.3
39,0.71,710.5,269.5,220.5,-4.019224808870917,4,0.1,1,1.9719296633438388,10.7
77,0.82,612.5,318.5,147.0,0.06295827431279744,2,0.25,3,7.95628062786102,24.7
299,0.62,808.5,367.5,220.5,3.773219339904197,4,0.25,4,6.208388803854716,14.61
487,0.98,514.5,294.0,110.25,12.941459346877778,2,0.1,2,-5.62749975509157,24.29
629,0.74,686.0,245.0,220.5,-6.01733327272289,4,0.1,3,9.306990937753863,10.35
516,0.98,514.5,294.0,110.25,6.889298031246102,3,0.4,5,5.9499779074848025,32.72
375,0.62,808.5,367.5,220.5,0.3638988806469632,5,0.4,5,9.65557637782087,16.64
451,0.82,612.5,318.5,147.0,11.114038048142678,5,0.1,5,13.098903348572602,23.86
511,0.98,514.5,294.0,110.25,13.876703095838415,4,0.1,4,6.281517387305274,24.04
234,0.79,637.0,343.0,147.0,4.495535755814766,5,0.4,1,6.750581023761192,41.67
361,0.76,661.5,416.5,122.5,11.60164012885253,4,0.4,2,6.397086071599534,40.57
494,0.9,563.5,318.5,122.5,12.466631942488554,3,0.25,4,0.6078485965719458,31.69
692,0.79,637.0,343.0,147.0,13.785393701333344,3,0.1,3,6.436829990174536,35.48
404,0.62,808.5,367.5,220.5,0.1922787110137918,4,0.1,2,0.37640012856647187,12.97
754,0.66,759.5,318.5,220.5,-2.439873860307072,5,0.1,1,3.6912150662975,11.69
764,0.86,588.0,294.0,147.0,19.433283365718193,4,0.1,2,7.007562675939438,26.33
519,0.74,686.0,245.0,220.5,15.049056027750513,2,0.4,1,7.3682060059864485,14.52
254,0.69,735.0,294.0,220.5,-11.43231961088493,2,0.25,4,-0.9685579347510135,12.91
483,0.98,514.5,294.0,110.25,8.915236004283017,2,0.25,5,-0.8762608193454127,28.69
211,0.66,759.5,318.5,220.5,15.767469610370604,4,0.4,5,7.554395931030026,14.92
210,0.82,612.5,318.5,147.0,-10.694895290636055,3,0.4,4,3.2982357840652194,28.05
84,0.66,759.5,318.5,220.5,5.6004906320154,3,0.1,3,2.8378645367553523,11.6
239,0.74,686.0,245.0,220.5,-0.11672266266464293,4,0.1,5,8.04274064889538,10.34
409,0.69,735.0,294.0,220.5,3.1107811874363906,2,0.25,1,19.635223123267266,12.78
54,0.71,710.5,269.5,220.5,5.177275322197007,5,0.25,5,7.617085660508023,12.27
720,0.64,784.0,343.0,220.5,6.170879732548277,3,0.4,5,-1.0055661072642073,18.19
512,0.69,735.0,294.0,220.5,0.4029548016838831,3,0.4,3,5.094647277848129,14.56
109,0.74,686.0,245.0,220.5,-14.869447625097905,4,0.25,1,0.19535514482054328,12.41
587,0.71,710.5,269.5,220.5,4.185497291226873,4,0.4,4,8.032991238373494,14.47
362,0.74,686.0,245.0,220.5,7.5053257710496775,2,0.4,4,0.8672138472683653,14.37
734,0.86,588.0,294.0,147.0,4.18868611429014,4,0.1,1,6.096754930367935,26.37
396,0.98,514.5,294.0,110.25,5.75281457650666,4,0.4,4,2.9380528004660507,32.21
528,0.66,759.5,318.5,220.5,0.8495329345334182,3,0.25,3,4.0306487996483416,13.01
10,0.64,784.0,343.0,220.5,11.125000363008693,5,0.4,3,2.0779273752583136,18.46
192,0.76,661.5,416.5,122.5,0.5131399103172942,3,0.25,2,2.2838478346888174,36.28
448,0.79,637.0,343.0,147.0,5.164874047455778,3,0.0,0,6.557236086362965,29.9
174,0.62,808.5,367.5,220.5,2.673961918807621,4,0.1,5,7.493683492977268,12.8
428,0.79,637.0,343.0,147.0,2.626559323301877,3,0.4,3,3.6432701758550925,41.3
181,0.69,735.0,294.0,220.5,-1.4308912643158198,2,0.4,2,8.046185663017953,14.75
748,0.76,661.5,416.5,122.5,-1.4712606964528039,2,0.25,1,-1.9744460627454055,36.96
155,0.64,784.0,343.0,220.5,9.245485805663476,4,0.4,2,7.37886081466411,18.9
309,0.86,588.0,294.0,147.0,-0.8493242491174531,3,0.0,0,1.2286086777901817,19.95
65,0.79,637.0,343.0,147.0,-7.152607239112946,5,0.1,4,9.306322072793243,37.1
331,0.66,759.5,318.5,220.5,28.379348448042887,3,0.1,5,7.499243155005053,11.34
137,0.79,637.0,343.0,147.0,5.697656751421646,5,0.4,4,2.728532897335368,42.96
350,0.74,686.0,245.0,220.5,3.4552318493676277,4,0.4,2,7.270256744323808,14.18
81,0.79,637.0,343.0,147.0,0.44593712222801773,2,0.25,4,6.568135350852998,40.0
468,0.9,563.5,318.5,122.5,-3.338101560844949,3,0.0,0,4.666558645468568,21.46
405,0.9,563.5,318.5,122.5,9.08224405266309,2,0.4,5,-0.6423431875378198,35.67
470,0.62,808.5,367.5,220.5,-0.5237981644107448,3,0.0,0,9.207928105899715,8.49
250,0.62,808.5,367.5,220.5,-1.694984306571408,3,0.25,3,8.012904767924072,14.34
490,0.69,735.0,294.0,220.5,10.453248515114186,3,0.1,4,5.385578113886297,11.22
220,0.82,612.5,318.5,147.0,8.517649340883166,4,0.1,2,11.582875672124532,23.67
76,0.82,612.5,318.5,147.0,13.600786117341077,4,0.4,5,5.214012038360773,29.06
548,0.86,588.0,294.0,147.0,9.939853323794434,3,0.25,1,9.903802703876394,30.05
290,0.69,735.0,294.0,220.5,8.941728843603595,3,0.4,4,8.255231688981109,14.62
72,0.69,735.0,294.0,220.5,3.501656519345577,2,0.25,5,4.077517826809611,12.47
244,0.82,612.5,318.5,147.0,23.797774313332123,5,0.4,5,5.17293823895757,29.92
394,0.62,808.5,367.5,220.5,-5.432195519589273,3,0.4,3,0.05888837642927569,16.35
620,0.74,686.0,245.0,220.5,10.287447057642277,5,0.4,3,4.099603231454759,13.78
63,0.82,612.5,318.5,147.0,2.92829099434001,4,0.1,5,14.256529447041704,22.89
716,0.74,686.0,245.0,220.5,-4.633465028611978,2,0.4,2,4.447816403189688,14.54
659,0.9,563.5,318.5,122.5,9.49046938754308,4,0.4,4,-6.0820780177033456,35.4
314,0.71,710.5,269.5,220.5,-1.2800815575331326,5,0.4,5,6.44548132764406,12.42
118,0.69,735.0,294.0,220.5,8.477657152347216,3,0.25,5,2.4206045722128797,12.12
728,0.82,612.5,318.5,147.0,23.09816356560612,4,0.4,4,16.90584849658266,28.64
49,0.9,563.5,318.5,122.5,-3.4705631929528966,5,0.25,5,-0.9735670669168015,32.46
662,0.64,784.0,343.0,220.5,5.025084730120195,4,0.25,2,4.361131038933362,17.02
411,0.71,710.5,269.5,220.5,-2.5679626776005557,2,0.1,3,-1.138364015291006,10.77
605,0.76,661.5,416.5,122.5,21.068963873561067,4,0.25,2,5.084853627454526,36.86
227,0.9,563.5,318.5,122.5,5.472769666181611,4,0.1,4,3.470058367368875,28.86
168,0.76,661.5,416.5,122.5,8.386733314963266,2,0.1,5,4.852143385170107,32.31
513,0.64,784.0,343.0,220.5,3.136710256542094,3,0.4,3,3.3897070778333607,18.71
7,0.98,514.5,294.0,110.25,-4.036945318311444,2,0.25,2,7.673790777323438,28.67
196,0.98,514.5,294.0,110.25,14.898676132712815,3,0.1,3,4.5007993382084885,24.4
275,0.62,808.5,367.5,220.5,10.873200895395675,2,0.25,2,2.6989088867809117,14.34
23,0.79,637.0,343.0,147.0,-0.05499720982174239,2,0.1,4,9.527359660689239,36.86
383,0.79,637.0,343.0,147.0,8.147107738738008,3,0.4,4,8.276473969695864,41.73
101,0.98,514.5,294.0,110.25,4.471417151783601,4,0.25,1,3.221967401497943,28.37
763,0.76,661.5,416.5,122.5,9.738702675916972,5,0.1,1,7.873093667225435,32.21
706,0.64,784.0,343.0,220.5,8.933142203505565,5,0.25,3,7.034937831470663,16.86
259,0.62,808.5,367.5,220.5,10.640778706394475,5,0.4,3,3.6323944841059204,16.74
193,0.74,686.0,245.0,220.5,-6.56062287131693,3,0.1,1,6.357968121467653,10.43
549,0.71,710.5,269.5,220.5,0.9917625106208168,4,0.25,3,11.463062507215888,12.1
2,0.98,514.5,294.0,110.25,15.992901759888108,2,0.4,3,-0.07561946858115887,32.82
215,0.69,735.0,294.0,220.5,8.208426158165757,3,0.25,4,3.5879442857043955,12.95
382,0.82,612.5,318.5,147.0,4.045782886030375,3,0.25,4,-0.2146360122472757,24.96
648,0.66,759.5,318.5,220.5,4.170613023434887,2,0.4,2,8.752597316224461,15.34
606,0.79,637.0,343.0,147.0,9.976843780854903,4,0.1,5,9.108779984943814,36.77
714,0.82,612.5,318.5,147.0,13.054309439895857,3,0.0,0,-4.034784674195869,17.41
731,0.64,784.0,343.0,220.5,11.860707792678028,5,0.25,4,9.603326191637223,16.62
691,0.86,588.0,294.0,147.0,-3.937102451681966,3,0.1,4,9.642228742424592,25.37
603,0.74,686.0,245.0,220.5,11.474870187726463,4,0.25,3,6.048462153621527,11.98
617,0.66,759.5,318.5,220.5,-0.15841324069431995,4,0.4,4,0.6951221537154662,15.09
79,0.86,588.0,294.0,147.0,4.570191769786683,4,0.0,0,-2.0663645950689875,19.34
694,0.79,637.0,343.0,147.0,11.418399501436186,3,0.25,3,10.721997020708148,38.35
433,0.86,588.0,294.0,147.0,13.637859343033396,4,0.1,3,-0.7374904763781798,26.89
486,0.64,784.0,343.0,220.5,4.107642143328699,5,0.1,5,11.83903177914626,15.36
677,0.82,612.5,318.5,147.0,19.154271389134152,2,0.1,3,2.1374902299399934,22.93
133,0.74,686.0,245.0,220.5,8.607135404867064,2,0.4,3,8.280560603952312,13.97
218,0.82,612.5,318.5,147.0,23.19447698629482,5,0.25,2,2.7273602936757384,24.94
55,0.64,784.0,343.0,220.5,-0.4330894850563789,4,0.1,4,2.284163570252444,15.32
725,0.98,514.5,294.0,110.25,17.63146655628328,5,0.1,5,2.53390142883889,24.26
355,0.9,563.5,318.5,122.5,13.792816885945152,3,0.4,1,-2.1718807649043987,37.24
534,0.98,514.5,294.0,110.25,-3.808594929664171,5,0.4,5,8.188582991353758,32.73
344,0.98,514.5,294.0,110.25,2.5335859684317557,2,0.0,0,3.8201313235780314,15.55
296,0.64,784.0,343.0,220.5,6.281411868306691,2,0.4,2,3.272870261710009,19.2
462,0.79,637.0,343.0,147.0,5.948219234626658,2,0.4,5,6.417880006132362,42.11
60,0.69,735.0,294.0,220.5,11.981679259991038,4,0.4,5,1.7294670557996272,14.37
618,0.76,661.5,416.5,122.5,6.657412949507401,3,0.4,4,4.189301802925847,40.4
346,0.69,735.0,294.0,220.5,7.016009844961811,2,0.25,2,1.7354235835234362,12.85
294,0.86,588.0,294.0,147.0,2.966561351938628,5,0.4,1,9.419841495643329,31.29
231,0.62,808.5,367.5,220.5,7.279250223043019,4,0.25,1,12.716557283827363,15.08
340,0.71,710.5,269.5,220.5,8.82739401643569,3,0.1,2,0.49154339513498657,10.72
535,0.82,612.5,318.5,147.0,-3.579663653948561,5,0.1,4,3.3556628925227954,24.24
306,0.9,563.5,318.5,122.5,-6.806453830324774,4,0.25,2,4.302510099598955,32.33
718,0.69,735.0,294.0,220.5,3.1855416989789505,3,0.1,5,7.847796973716749,11.14
90,0.64,784.0,343.0,220.5,5.6228987951970275,3,0.1,2,7.1763969541277515,15.18
377,0.86,588.0,294.0,147.0,11.93604759661358,5,0.1,2,1.5883584304329985,25.36
235,0.79,637.0,343.0,147.0,6.994331243386832,4,0.0,0,7.196098974468601,29.63
158,0.66,759.5,318.5,220.5,8.88288988773456,5,0.1,4,8.44008969911336,11.43
69,0.74,686.0,245.0,220.5,4.718838976269776,3,0.25,3,1.5731784318802662,12.03
260,0.71,710.5,269.5,220.5,-6.18937543424625,2,0.25,3,10.491794570674923,12.41
131,0.76,661.5,416.5,122.5,20.141383626047705,5,0.1,4,3.798050488411689,32.31
44,0.69,735.0,294.0,220.5,8.58334424167381,3,0.0,0,-0.13669826412934638,6.79
70,0.9,563.5,318.5,122.5,0.42064054094239545,4,0.1,1,12.003553503779564,29.14
264,0.62,808.5,367.5,220.5,0.24370949658575602,3,0.25,1,5.096863388308676,15.12
673,0.74,686.0,245.0,220.5,-7.744536153429136,5,0.4,5,3.974688420050602,14.39
286,0.98,514.5,294.0,110.25,10.493908413868077,5,0.4,4,4.79985351841166,32.74
640,0.82,612.5,318.5,147.0,11.790355116495281,4,0.1,4,13.119402894497036,23.59
135,0.64,784.0,343.0,220.5,8.325499448658745,4,0.4,4,3.9918364740336507,19.0
745,0.71,710.5,269.5,220.5,4.488381567644659,3,0.25,3,2.7842626912724446,12.28
165,0.64,784.0,343.0,220.5,-8.24020212601952,5,0.1,4,14.842039016841884,15.16
164,0.64,784.0,343.0,220.5,-6.412856605231207,3,0.25,2,5.729979580546712,16.84
28,0.64,784.0,343.0,220.5,-2.8393593679996902,2,0.25,1,2.0714763962210836,17.5
608,0.64,784.0,343.0,220.5,3.0750347758596375,2,0.25,2,3.791376691522762,17.14
583,0.74,686.0,245.0,220.5,3.527004052777288,3,0.4,4,6.040251326253697,14.48
746,0.86,588.0,294.0,147.0,22.63325947000229,5,0.25,5,0.17391868770113028,29.39
292,0.69,735.0,294.0,220.5,-10.728700672052135,3,0.1,3,7.349723342727431,11.16
136,0.86,588.0,294.0,147.0,2.6470879830864593,5,0.4,5,9.659031252789516,32.06
432,0.82,612.5,318.5,147.0,-3.396649895420781,4,0.4,2,10.476733075247287,28.64
554,0.86,588.0,294.0,147.0,23.45234851863633,2,0.25,5,7.038361440552388,29.71
319,0.76,661.5,416.5,122.5,0.5338742268725891,2,0.25,5,6.58075423019718,35.69
594,0.86,588.0,294.0,147.0,13.867608933253322,3,0.25,4,10.76124142507486,28.42
6,0.98,514.5,294.0,110.25,-0.7732538763302879,3,0.1,2,-2.088630298222152,24.31
615,0.74,686.0,245.0,220.5,2.991803403077159,3,0.25,5,4.752576946348026,11.67
357,0.71,710.5,269.5,220.5,2.9272059851354655,4,0.25,1,10.52159474908186,12.57
73,0.82,612.5,318.5,147.0,6.925597430891084,3,0.1,2,2.7419362790450847,24.23
352,0.66,759.5,318.5,220.5,-5.233607009114515,2,0.1,4,8.426920364276324,11.44
497,0.66,759.5,318.5,220.5,22.410979956954886,3,0.1,4,5.482936852810837,11.42
145,0.66,759.5,318.5,220.5,1.9717778991986479,3,0.1,2,5.06613726067313,11.42
514,0.76,661.5,416.5,122.5,7.203107364339282,5,0.25,5,3.5446991219569157,36.7
291,0.66,759.5,318.5,220.5,13.0400600998238,4,0.25,5,5.95018451557249,12.78
132,0.62,808.5,367.5,220.5,-3.70496587718295,4,0.25,2,3.5107246819449687,14.6
559,0.9,563.5,318.5,122.5,-0.34949209188875496,2,0.4,2,2.292788797852454,35.84
631,0.71,710.5,269.5,220.5,2.0237971387532037,2,0.4,3,4.075190762521717,14.07
719,0.76,661.5,416.5,122.5,5.924025724786138,4,0.1,3,8.759153641273656,32.33
395,0.64,784.0,343.0,220.5,13.38649296005551,3,0.1,3,5.461236562132169,15.36
41,0.74,686.0,245.0,220.5,1.9493908898175718,2,0.25,4,3.788805041127805,12.32
637,0.71,710.5,269.5,220.5,-5.601485363398533,2,0.25,4,1.5072649539394065,12.36
108,0.69,735.0,294.0,220.5,-8.050838529068335,5,0.4,3,7.452274241071761,14.08
481,0.71,710.5,269.5,220.5,15.397969242687418,2,0.25,1,3.8957489463134403,12.57
56,0.74,686.0,245.0,220.5,9.956980773098483,3,0.25,2,9.925640209148078,12.45
323,0.64,784.0,343.0,220.5,14.712788743571435,4,0.25,5,1.647177144069051,16.76
685,0.9,563.5,318.5,122.5,11.42600975987827,5,0.25,1,2.490252071241363,32.0
758,0.69,735.0,294.0,220.5,8.003046881394837,4,0.25,4,6.2979000012303015,12.67
572,0.74,686.0,245.0,220.5,-7.520940006033898,4,0.1,2,7.404275523351197,10.32
529,0.69,735.0,294.0,220.5,-1.3978938760620023,5,0.25,3,6.2438894734226835,12.12
24,0.64,784.0,343.0,220.5,2.195464288449889,3,0.1,5,-0.1316518790012573,15.37
465,0.86,588.0,294.0,147.0,-5.852616805909435,3,0.4,1,6.594882352377833,32.39
247,0.76,661.5,416.5,122.5,1.8196655549187266,5,0.4,2,15.704044633058349,40.42
443,0.79,637.0,343.0,147.0,9.724713731203973,4,0.25,4,10.96608460729488,38.33
351,0.76,661.5,416.5,122.5,12.3499332447401,2,0.1,2,-4.632419652589009,33.16
327,0.71,710.5,269.5,220.5,-4.484485018515303,3,0.25,2,1.1576629657263318,12.29
110,0.76,661.5,416.5,122.5,2.5957052040673316,4,0.1,2,2.6780966308878087,33.12
82,0.71,710.5,269.5,220.5,-0.30976698835727223,4,0.1,3,-3.608315661885736,10.68
51,0.66,759.5,318.5,220.5,4.970796358029559,2,0.25,5,6.561976298946487,12.93
449,0.64,784.0,343.0,220.5,3.1521844014891007,5,0.25,5,3.675919497221733,16.92
762,0.71,710.5,269.5,220.5,0.8188977506283859,2,0.4,4,2.5009486668856784,14.6
703,0.82,612.5,318.5,147.0,-5.518422170896441,3,0.1,4,8.375949724225979,22.8
619,0.69,735.0,294.0,220.5,3.9641818784671616,4,0.4,3,9.534009006486322,14.33
198,0.98,514.5,294.0,110.25,4.441219813961249,5,0.25,1,11.437654809303194,28.41
538,0.86,588.0,294.0,147.0,11.391070682538915,2,0.0,0,-1.2789783603189524,19.5
329,0.74,686.0,245.0,220.5,5.501601650013556,5,0.1,1,6.268292705106144,10.39
302,0.74,686.0,245.0,220.5,8.934986263652027,2,0.25,2,-2.517402035119394,12.35
334,0.62,808.5,367.5,220.5,7.776045187844402,2,0.1,3,4.434678502014654,12.68
139,0.64,784.0,343.0,220.5,-4.517499646251782,3,0.4,2,1.4979016763111903,18.88
485,0.66,759.5,318.5,220.5,7.276018167354195,2,0.4,4,-0.865073414685093,15.34
547,0.76,661.5,416.5,122.5,30.88207202082728,4,0.1,5,-4.206992758146999,32.46
18,0.71,710.5,269.5,220.5,13.011306971797143,2,0.4,2,1.8330459435032016,14.7
593,0.86,588.0,294.0,147.0,12.209089934589256,4,0.4,3,-0.08181727561694174,32.05
140,0.71,710.5,269.5,220.5,9.426594763361006,5,0.1,1,-6.3875221420453885,10.75
326,0.62,808.5,367.5,220.5,11.915580941783348,5,0.4,2,10.03732312141137,17.15
266,0.86,588.0,294.0,147.0,7.847155624921874,2,0.1,5,-2.211939020590464,27.03
626,0.62,808.5,367.5,220.5,-11.512421648334993,2,0.25,5,4.392087077530339,13.68
83,0.62,808.5,367.5,220.5,10.49511344570182,2,0.25,3,-2.2085912017176432,13.91
61,0.62,808.5,367.5,220.5,25.57728031128862,2,0.4,5,-4.240122117287377,16.54
632,0.98,514.5,294.0,110.25,2.162042683694298,4,0.4,5,4.739548291429065,32.21
735,0.64,784.0,343.0,220.5,16.007306870656866,4,0.25,4,3.2772749140360595,16.56
29,0.62,808.5,367.5,220.5,1.0363077628876778,5,0.25,3,12.809873546474119,13.99
335,0.71,710.5,269.5,220.5,10.601243406990688,5,0.1,5,13.944418138889421,13.69
599,0.66,759.5,318.5,220.5,3.0983630636660418,3,0.25,2,-5.48553246964593,12.93
557,0.66,759.5,318.5,220.5,-3.9110490398523075,5,0.4,1,0.010801685650629445,15.23
311,0.76,661.5,416.5,122.5,10.696487146015173,4,0.0,0,2.432451763119666,24.77
429,0.69,735.0,294.0,220.5,1.3267591173915738,2,0.25,3,2.482424980235085,12.34
182,0.9,563.5,318.5,122.5,3.998428957408504,5,0.4,2,3.624589080861364,35.69
586,0.82,612.5,318.5,147.0,-1.1111676183403016,2,0.4,2,7.522231123602213,28.95
679,0.82,612.5,318.5,147.0,15.244644684992458,2,0.25,5,3.4876270853580644,25.7
464,0.9,563.5,318.5,122.5,3.5058861020942604,2,0.4,3,2.2694381712953695,34.24
223,0.79,637.0,343.0,147.0,7.153182219326016,3,0.25,4,1.3189832766120615,38.84
393,0.69,735.0,294.0,220.5,-10.158863660743574,5,0.4,2,0.7500353368600021,14.62
766,0.98,514.5,294.0,110.25,10.318924002895283,5,0.25,4,8.094282540566397,28.62
570,0.9,563.5,318.5,122.5,26.41373189076418,3,0.25,1,5.21335087324215,33.48
671,0.76,661.5,416.5,122.5,0.7219047349783727,5,0.4,3,10.874428440366774,39.68
412,0.98,514.5,294.0,110.25,5.156794286353861,5,0.4,3,2.831505632109077,32.75
755,0.74,686.0,245.0,220.5,-0.3824466829429465,4,0.25,4,6.556008027000582,12.18
176,0.66,759.5,318.5,220.5,2.0931647645434306,5,0.1,2,19.46918057864699,11.43
525,0.69,735.0,294.0,220.5,6.220410356551124,4,0.1,4,5.769060884410944,11.07
333,0.76,661.5,416.5,122.5,5.534427050236897,5,0.4,4,-4.544186967527751,40.11
163,0.64,784.0,343.0,220.5,15.892161211961499,4,0.1,1,-0.7809041146135791,15.42
248,0.71,710.5,269.5,220.5,9.453535771999494,3,0.4,1,4.685552742420228,14.6
682,0.74,686.0,245.0,220.5,-5.235471203162504,2,0.1,4,4.635059757661203,10.08
74,0.86,588.0,294.0,147.0,4.376842267896658,5,0.4,2,5.543778573747618,31.64
439,0.79,637.0,343.0,147.0,-0.3400225681141089,3,0.1,2,5.746285146539641,37.26
643,0.71,710.5,269.5,220.5,4.155964451308483,3,0.4,3,3.943809972659768,14.03
104,0.86,588.0,294.0,147.0,5.884429794552004,4,0.25,3,6.374331657510417,29.43
114,0.74,686.0,245.0,220.5,-0.1259872721841071,5,0.25,3,9.413295959670744,11.69
749,0.66,759.5,318.5,220.5,15.35330721970079,3,0.4,3,7.109414829521379,15.18
92,0.69,735.0,294.0,220.5,-16.010537266211433,3,0.1,1,6.40795431854783,11.13
380,0.64,784.0,343.0,220.5,13.195551883091204,2,0.4,3,3.416176633657948,18.48
89,0.64,784.0,343.0,220.5,2.67422597654003,5,0.25,1,5.487585880410719,17.37
417,0.76,661.5,416.5,122.5,-0.4360868815392802,5,0.25,3,2.0433288621345893,36.52
477,0.69,735.0,294.0,220.5,-3.154577665843558,2,0.4,4,4.500142422475826,14.54
713,0.98,514.5,294.0,110.25,-5.284576985656846,3,0.1,5,-3.8964420739025263,24.33
707,0.76,661.5,416.5,122.5,4.583636004081086,4,0.25,4,6.309270567577773,36.81
506,0.76,661.5,416.5,122.5,2.153113433928853,2,0.4,5,1.7819023501008893,38.82
11,0.76,661.5,416.5,122.5,11.104683360778344,2,0.1,4,0.41934192100455103,33.08
43,0.86,588.0,294.0,147.0,-9.030898915254028,5,0.4,3,-1.6743082604121597,31.84
42,0.71,710.5,269.5,220.5,1.383881269515114,4,0.0,0,5.027604960929944,6.366
167,0.76,661.5,416.5,122.5,7.407101614848145,3,0.1,1,4.549703244043974,32.12
675,0.79,637.0,343.0,147.0,14.218217390293177,2,0.1,1,9.123794134562509,35.56
666,0.79,637.0,343.0,147.0,21.474450797864883,2,0.4,2,5.1904455976553265,41.64
381,0.9,563.5,318.5,122.5,9.090004249870848,2,0.1,2,4.995357607946087,28.88
178,0.76,661.5,416.5,122.5,7.167091906367694,3,0.1,3,6.314470499842599,33.28
705,0.71,710.5,269.5,220.5,1.3924142713420071,2,0.25,5,9.780629798992523,12.27
518,0.79,637.0,343.0,147.0,3.055017420801824,4,0.1,3,3.011859932999327,36.97
177,0.74,686.0,245.0,220.5,16.791761325824147,3,0.4,5,2.310518776915667,14.19
532,0.9,563.5,318.5,122.5,30.592755402469802,5,0.1,3,9.135236020653096,29.05
539,0.98,514.5,294.0,110.25,4.960353651570417,3,0.4,3,-2.576531031682515,32.69
257,0.62,808.5,367.5,220.5,9.82500479330215,4,0.4,5,1.1397993194301286,16.48
616,0.66,759.5,318.5,220.5,13.399505077473114,2,0.4,5,0.3345165930395041,14.96
440,0.71,710.5,269.5,220.5,11.64129173474802,3,0.4,4,3.0992985167680973,14.7
15,0.76,661.5,416.5,122.5,10.455380357391526,2,0.25,2,5.201601677234616,36.95
478,0.98,514.5,294.0,110.25,6.462573679605158,5,0.0,0,4.26657015567021,15.55
256,0.86,588.0,294.0,147.0,1.5229613939199682,3,0.25,3,5.012234002047076,29.4
388,0.82,612.5,318.5,147.0,-5.178873489743129,4,0.25,3,2.4699191305666215,25.37
360,0.62,808.5,367.5,220.5,10.623065308158289,5,0.25,4,5.905927280065999,14.65
367,0.76,661.5,416.5,122.5,10.367783555115118,4,0.25,1,-0.23726178427613398,36.91
446,0.71,710.5,269.5,220.5,11.878541652971586,4,0.1,4,7.3388273736109415,10.53
589,0.98,514.5,294.0,110.25,9.043070045394536,4,0.25,3,3.0841859849383266,28.17
342,0.98,514.5,294.0,110.25,13.711524003756898,3,0.25,1,6.8113438379538325,28.15
453,0.62,808.5,367.5,220.5,3.002471864005512,4,0.4,2,9.561457776709029,17.26
426,0.9,563.5,318.5,122.5,1.2260995733019735,3,0.1,5,0.1309844315944555,29.08
9,0.9,563.5,318.5,122.5,13.89914777906207,2,0.1,3,3.8235868590391355,28.07
249,0.76,661.5,416.5,122.5,5.550206614255176,5,0.25,1,-0.6467507001162458,36.43
22,0.66,759.5,318.5,220.5,3.2878299260075194,4,0.1,1,13.445812749133896,11.7
221,0.69,735.0,294.0,220.5,-1.7958574223728725,4,0.1,1,0.9472936670631231,11.09
526,0.82,612.5,318.5,147.0,11.564903977756249,4,0.4,1,4.492534099475122,29.53
751,0.66,759.5,318.5,220.5,3.5295653747827784,5,0.4,3,12.168212236389074,14.9
752,0.98,514.5,294.0,110.25,15.09170428326685,5,0.1,2,9.464296945636036,24.25
424,0.66,759.5,318.5,220.5,5.158138635191552,4,0.0,0,10.75671405587361,7.1
644,0.74,686.0,245.0,220.5,7.158243236921929,3,0.1,4,0.8364129168164431,10.15
203,0.86,588.0,294.0,147.0,8.477924631165795,5,0.25,3,10.114565526503036,29.07
500,0.62,808.5,367.5,220.5,5.930548764839006,3,0.1,4,6.3691232449217905,13.04
93,0.66,759.5,318.5,220.5,2.425766702509567,2,0.25,4,-1.3594667682188386,12.95
369,0.62,808.5,367.5,220.5,-0.7082787413406431,4,0.0,0,3.0768296881171175,8.45
332,0.76,661.5,416.5,122.5,11.853784473089462,2,0.1,1,1.3735052992355623,32.96
522,0.76,661.5,416.5,122.5,4.768296557345532,5,0.4,1,8.790030219806654,40.43
284,0.64,784.0,343.0,220.5,-17.333710853017074,4,0.0,0,-1.0601307039944792,10.77
184,0.9,563.5,318.5,122.5,17.253150360030148,2,0.25,1,9.92598991824245,32.68
623,0.66,759.5,318.5,220.5,5.190269538235782,3,0.1,1,-4.829078993055683,11.69
365,0.74,686.0,245.0,220.5,-1.7825691157875765,3,0.4,3,-1.4096941356228758,14.22
153,0.71,710.5,269.5,220.5,12.414573557350977,4,0.25,4,3.827107419042117,12.17
75,0.74,686.0,245.0,220.5,4.741525470871833,4,0.25,2,1.5598995047335749,12.16
422,0.98,514.5,294.0,110.25,-0.3748785050025054,2,0.4,2,3.7923355941361088,32.82
277,0.69,735.0,294.0,220.5,15.58923944197878,3,0.25,3,5.800997089205758,12.46
68,0.62,808.5,367.5,220.5,-0.69270718347674,5,0.1,4,7.4821113272209425,13.0
695,0.62,808.5,367.5,220.5,8.505047469168007,2,0.25,4,2.9791444352739096,14.33
188,0.71,710.5,269.5,220.5,7.485773987974281,5,0.25,1,1.6452208852879313,12.63
271,0.86,588.0,294.0,147.0,7.834847500185703,2,0.1,2,9.207966436591198,26.48
236,0.79,637.0,343.0,147.0,-3.00326187175774,3,0.4,2,0.11052959195765744,43.1
88,0.79,637.0,343.0,147.0,10.123718799431117,3,0.1,1,-0.8471392380067928,37.12
654,0.62,808.5,367.5,220.5,-0.044352169027858324,5,0.0,0,7.399962406499296,8.5
117,0.74,686.0,245.0,220.5,5.903794876886627,2,0.1,3,2.9638740331112032,10.39
125,0.64,784.0,343.0,220.5,10.04311726420023,5,0.4,5,8.318214958588426,17.88
633,0.62,808.5,367.5,220.5,-14.144528456792553,5,0.1,1,6.426771909851745,13.02
289,0.69,735.0,294.0,220.5,-5.068429437192391,4,0.1,3,11.751023780562383,11.1
238,0.66,759.5,318.5,220.5,10.558664498587273,4,0.25,1,2.5273363188604385,13.17
0,0.62,808.5,367.5,220.5,3.3503299484328206,2,0.4,3,-4.59612238148573,16.47
759,0.74,686.0,245.0,220.5,-3.5385148280164342,3,0.1,2,5.66621190701719,10.46
368,0.66,759.5,318.5,220.5,7.436150783942394,2,0.25,3,4.7256912622017175,12.97
672,0.69,735.0,294.0,220.5,0.5359352112797682,2,0.1,2,-2.9323617789528913,11.45
434,0.71,710.5,269.5,220.5,9.991172435932736,4,0.1,2,0.6447006859746923,10.55
278,0.62,808.5,367.5,220.5,-8.109405520412471,3,0.25,4,4.636737123241776,14.61
602,0.71,710.5,269.5,220.5,15.2134179100195,3,0.25,1,4.018210968277206,12.65
116,0.69,735.0,294.0,220.5,6.11395811681856,5,0.1,4,6.491311652048333,11.2
228,0.86,588.0,294.0,147.0,12.758063537185455,4,0.4,1,3.5937032063782,32.09
545,0.71,710.5,269.5,220.5,-3.3112514740825088,4,0.4,1,6.600491890166783,14.5
698,0.9,563.5,318.5,122.5,9.083538106668447,3,0.25,3,7.146505034761235,32.4
533,0.79,637.0,343.0,147.0,16.957436645894294,5,0.25,3,8.878685145321134,39.83
274,0.62,808.5,367.5,220.5,1.987036873783732,2,0.1,1,3.1523868130564647,12.96
318,0.86,588.0,294.0,147.0,7.682545140520192,5,0.1,4,6.223333374429509,27.03
530,0.76,661.5,416.5,122.5,-1.6812042124623847,5,0.1,2,2.4784788906279074,32.41
144,0.9,563.5,318.5,122.5,-13.498669270362484,3,0.4,4,2.2880065201407764,35.73
479,0.62,808.5,367.5,220.5,-2.2260799128860143,3,0.4,2,7.742865534853766,17.23
598,0.62,808.5,367.5,220.5,1.1025868159457035,4,0.4,3,-4.466716017774859,16.55
696,0.86,588.0,294.0,147.0,1.4258254525634007,3,0.1,2,6.6469040068879774,27.02
711,0.66,759.5,318.5,220.5,6.029247657462227,2,0.4,1,-1.7434268397083312,15.23
268,0.74,686.0,245.0,220.5,19.311524676123884,4,0.1,1,-1.455982996735569,10.36
649,0.79,637.0,343.0,147.0,18.28367316162803,4,0.4,1,3.4945068498496057,42.5
307,0.76,661.5,416.5,122.5,1.5794827813147592,3,0.25,4,-4.016841290679577,36.45
310,0.86,588.0,294.0,147.0,3.284765901524899,3,0.1,5,6.565795820750549,26.45
420,0.79,637.0,343.0,147.0,6.332496241677113,4,0.25,2,1.791365180180833,39.97
46,0.66,759.5,318.5,220.5,3.979461042130626,5,0.0,0,-2.590259163567276,7.1
349,0.66,759.5,318.5,220.5,16.8959394667803,4,0.1,5,7.139636758133845,11.22
371,0.69,735.0,294.0,220.5,12.277221694029565,5,0.25,2,6.500396156713002,12.95
595,0.79,637.0,343.0,147.0,5.12303544034069,2,0.25,5,4.549605377664361,39.89
261,0.69,735.0,294.0,220.5,9.346112952532195,5,0.4,5,6.319308180139977,14.21
195,0.79,637.0,343.0,147.0,10.730866995570675,3,0.25,5,4.119315047739599,39.83
767,0.9,563.5,318.5,122.5,10.70630824094485,4,0.1,2,5.605983657767972,28.83
645,0.9,563.5,318.5,122.5,18.646578577174132,2,0.0,0,14.45617662851106,20.84
107,0.62,808.5,367.5,220.5,8.309653991432919,2,0.4,4,1.9027451526441563,16.44
59,0.76,661.5,416.5,122.5,11.043761273333015,2,0.25,3,-2.0521595249657656,35.99
578,0.86,588.0,294.0,147.0,21.967721402974256,5,0.4,4,4.153065247960165,32.75
664,0.69,735.0,294.0,220.5,-4.760191228220316,4,0.25,3,7.638010108884375,12.31
100,0.76,661.5,416.5,122.5,2.0587848365251986,2,0.4,1,5.863421899750707,40.78
445,0.98,514.5,294.0,110.25,-3.6117770264886637,5,0.4,1,10.089871580953716,32.53
689,0.62,808.5,367.5,220.5,-4.086784033793606,3,0.4,5,0.24713936029554306,16.44
727,0.69,735.0,294.0,220.5,12.227843401487736,4,0.4,1,11.691412156105411,14.42
423,0.74,686.0,245.0,220.5,-4.531658976651988,3,0.1,3,1.7510886803749628,10.34
179,0.76,661.5,416.5,122.5,8.845607245749468,2,0.1,3,5.835177612915552,32.52
304,0.82,612.5,318.5,147.0,12.330500007273695,4,0.25,4,-0.47952307548755213,25.43
398,0.9,563.5,318.5,122.5,8.2801458068223,2,0.25,4,6.103270911896133,32.67
444,0.86,588.0,294.0,147.0,10.125567367425154,3,0.1,1,4.13058119208606,26.91
739,0.74,686.0,245.0,220.5,-7.694449398415532,3,0.25,1,2.3361501114848484,12.5
149,0.79,637.0,343.0,147.0,4.896873366333859,5,0.25,2,-4.532659984829105,38.98
124,0.9,563.5,318.5,122.5,-5.430070128128515,3,0.1,2,11.105626607326169,29.68
611,0.86,588.0,294.0,147.0,1.9945817000303006,3,0.4,5,5.842814104715094,31.81
669,0.82,612.5,318.5,147.0,1.7832888912555145,4,0.1,1,5.8468047428489,23.54
185,0.64,784.0,343.0,220.5,7.961528485800996,2,0.1,2,4.643114029208615,15.41
674,0.64,784.0,343.0,220.5,3.6249466715968244,2,0.25,5,8.144758091358636,16.73
495,0.98,514.5,294.0,110.25,5.325489443365107,4,0.1,1,-0.14885647941725555,24.63
436,0.9,563.5,318.5,122.5,13.550221150038885,3,0.25,2,3.561694907641463,33.27
757,0.76,661.5,416.5,122.5,20.480114229668075,4,0.1,4,8.017070971731368,33.09
575,0.9,563.5,318.5,122.5,23.7075421829594,4,0.25,4,2.5831198278452123,32.07
321,0.69,735.0,294.0,220.5,7.68011284212606,3,0.25,2,10.42066022304354,12.87
353,0.79,637.0,343.0,147.0,3.903202380204792,3,0.4,1,3.5996922583616273,42.62
709,0.64,784.0,343.0,220.5,9.354965634306364,5,0.1,1,-0.30817404698494866,15.21
142,0.98,514.5,294.0,110.25,5.1712006772798516,3,0.25,4,0.8948531272369791,28.55
724,0.74,686.0,245.0,220.5,8.47655992244839,2,0.25,5,-5.117366183648039,12.12
141,0.76,661.5,416.5,122.5,2.894291468227318,4,0.4,4,10.994221863338609,40.6
399,0.66,759.5,318.5,220.5,7.51426188934036,3,0.4,5,-2.19504794699251,14.92
493,0.76,661.5,416.5,122.5,7.303502683580816,5,0.1,5,11.942216554140565,33.27
320,0.62,808.5,367.5,220.5,-3.143555252452522,3,0.1,1,6.698685577260187,12.97
19,0.76,661.5,416.5,122.5,12.666430777608511,3,0.1,4,0.26481093354159924,32.38
172,0.74,686.0,245.0,220.5,-9.307231827812124,2,0.1,5,2.886250349851581,10.47
627,0.69,735.0,294.0,220.5,8.45769156772909,5,0.0,0,3.1923628117270413,6.81
312,0.71,710.5,269.5,220.5,9.767124074260764,3,0.1,4,-2.1322602113203275,10.68
390,0.79,637.0,343.0,147.0,1.9658928504576902,5,0.4,5,6.386902331728022,40.79
715,0.74,686.0,245.0,220.5,8.399750352108818,5,0.25,1,4.014461388130107,12.45
12,0.9,563.5,318.5,122.5,12.800766294783976,5,0.1,4,3.205921548401212,29.79
407,0.82,612.5,318.5,147.0,-0.6572073191603431,5,0.25,3,7.06384220098604,25.17
408,0.82,612.5,318.5,147.0,9.750303052399083,3,0.25,5,4.1460661909515775,25.17
305,0.82,612.5,318.5,147.0,10.700730342831609,3,0.4,2,3.317294772793347,29.49
354,0.74,686.0,245.0,220.5,9.06430206052622,4,0.4,4,5.490634628540811,14.32
25,0.79,637.0,343.0,147.0,1.0407788415484074,3,0.1,4,0.32253079346543245,35.89
576,0.9,563.5,318.5,122.5,-5.687866497903666,4,0.1,5,5.593730287402741,28.03
169,0.69,735.0,294.0,220.5,5.451625583268002,5,0.1,2,1.3280648586101502,11.49
38,0.9,563.5,318.5,122.5,0.8468612017016142,4,0.4,2,4.681838253969278,36.06
507,0.71,710.5,269.5,220.5,17.25502324965837,5,0.1,3,5.042010732472807,10.7
245,0.71,710.5,269.5,220.5,1.5237943940320267,3,0.0,0,10.284768517589468,6.4
298,0.82,612.5,318.5,147.0,1.5943353667071056,5,0.0,0,6.077535335366841,15.98
641,0.86,588.0,294.0,147.0,12.346723909744647,2,0.25,3,2.8121406816969765,28.4
416,0.82,612.5,318.5,147.0,-7.769502897904751,2,0.0,0,9.839199547695175,17.05
527,0.9,563.5,318.5,122.5,14.74547728426289,5,0.1,2,9.310812297845592,27.9
272,0.79,637.0,343.0,147.0,-0.19027238658502554,4,0.1,2,2.7605758682015553,36.97
590,0.74,686.0,245.0,220.5,-3.662770578904193,2,0.4,5,3.6233921111913956,14.41
154,0.82,612.5,318.5,147.0,12.723050523529952,2,0.1,1,4.211009929720189,23.53
126,0.69,735.0,294.0,220.5,6.511276208780133,4,0.4,4,7.653313153701211,14.53
638,0.74,686.0,245.0,220.5,1.8880677284198562,3,0.4,1,-0.45017651998705244,14.61
341,0.86,588.0,294.0,147.0,10.372692884915645,3,0.4,3,6.627391992110432,32.12
430,0.62,808.5,367.5,220.5,16.887616722388294,5,0.25,5,4.730265079970432,13.86
287,0.64,784.0,343.0,220.5,6.734358039693581,4,0.4,3,4.641703900533074,18.48
113,0.66,759.5,318.5,220.5,2.3177574494602275,4,0.4,3,3.632054384867424,14.72
701,0.69,735.0,294.0,220.5,-12.201005533380632,3,0.4,1,2.413215820203279,14.7
173,0.98,514.5,294.0,110.25,0.37202380175803196,3,0.4,4,9.291275127909444,32.67
359,0.98,514.5,294.0,110.25,4.143766393547125,2,0.1,3,4.1805194207632335,24.28
450,0.69,735.0,294.0,220.5,-8.748860020445777,4,0.25,1,6.96734742088577,12.73
57,0.82,612.5,318.5,147.0,-0.7883695976357492,4,0.25,5,3.6747093518158773,24.6
531,0.9,563.5,318.5,122.5,0.39671576016835886,3,0.1,1,-3.5957340710917243,29.87
222,0.98,514.5,294.0,110.25,10.407097649544287,5,0.1,1,3.5952531086019754,24.59
280,0.69,735.0,294.0,220.5,-6.5191475553049525,5,0.4,4,0.34406616455933703,14.71
17,0.74,686.0,245.0,220.5,9.534330638508594,3,0.25,4,2.6027787955674624,12.3
523,0.82,612.5,318.5,147.0,4.761918652033325,5,0.4,2,15.322008620782663,28.01
322,0.62,808.5,367.5,220.5,6.84718576710947,2,0.25,1,-0.5734617440721442,15.09
255,0.71,710.5,269.5,220.5,11.560109518695377,5,0.1,4,3.8849121119646943,10.72
517,0.76,661.5,416.5,122.5,1.4821778074866092,3,0.4,5,8.957989946803544,39.72
622,0.98,514.5,294.0,110.25,2.146397641877626,3,0.4,2,5.999331735092249,32.71
737,0.82,612.5,318.5,147.0,19.258941797424928,2,0.1,5,0.9483979429074462,24.37
190,0.9,563.5,318.5,122.5,19.64432549254699,4,0.0,0,1.0257958682769943,20.71
115,0.71,710.5,269.5,220.5,15.119740275765963,3,0.4,2,6.062340792973831,14.66
732,0.86,588.0,294.0,147.0,8.15910266477513,3,0.4,4,9.394144744178337,31.66
467,0.64,784.0,343.0,220.5,14.551632629523892,3,0.25,5,1.012079090972939,16.86
94,0.76,661.5,416.5,122.5,18.38198508879952,3,0.25,3,1.5574892431289042,36.59
180,0.71,710.5,269.5,220.5,-6.581318121380642,2,0.0,0,8.058251563406534,6.37
301,0.9,563.5,318.5,122.5,-1.6866010310814836,2,0.25,3,8.809025820765923,31.63
736,0.69,735.0,294.0,220.5,-3.047429327536011,2,0.4,1,1.235487057135293,14.51
569,0.66,759.5,318.5,220.5,1.0321376923534422,5,0.1,5,3.6054478713837916,11.34
628,0.82,612.5,318.5,147.0,1.9171008893949653,2,0.4,1,-2.9013565510840307,29.22
537,0.76,661.5,416.5,122.5,11.378118379023736,3,0.4,2,1.577012714987978,40.15
680,0.64,784.0,343.0,220.5,-1.7626764308170966,5,0.25,2,3.814486580379964,17.11
521,0.86,588.0,294.0,147.0,13.505641493983818,2,0.4,1,6.62729907489538,31.89
5,0.82,612.5,318.5,147.0,10.25641829699628,2,0.1,4,0.47392428807391274,23.8
753,0.66,759.5,318.5,220.5,14.231807324247049,2,0.25,2,-0.6723597423671341,13.05
45,0.71,710.5,269.5,220.5,-6.4140671588277804,5,0.0,0,8.820977792428444,6.4
499,0.82,612.5,318.5,147.0,-4.048356825230199,3,0.1,3,5.221296378042433,23.84
584,0.74,686.0,245.0,220.5,6.1225693827446825,5,0.1,4,0.04141881427981797,10.14
171,0.76,661.5,416.5,122.5,18.91890750881666,4,0.1,1,12.367846996655778,32.94
16,0.76,661.5,416.5,122.5,13.403276201821459,3,0.25,5,4.070557787678974,36.64
48,0.86,588.0,294.0,147.0,17.88526876670921,5,0.25,1,7.603288324692297,28.66
743,0.62,808.5,367.5,220.5,10.581851863911929,5,0.1,3,9.641825688268339,12.73
704,0.69,735.0,294.0,220.5,4.262753595530466,4,0.0,0,9.437378237357695,6.77
3,0.79,637.0,343.0,147.0,14.580211696982863,4,0.4,4,9.94064598527854,41.32
621,0.71,710.5,269.5,220.5,-14.475114671876842,2,0.4,1,5.8309541429804925,14.51
543,0.82,612.5,318.5,147.0,-10.75440298198028,5,0.25,1,10.099510963056318,26.19
316,0.64,784.0,343.0,220.5,17.41119731038063,2,0.25,3,-0.8876489630453247,16.83
541,0.76,661.5,416.5,122.5,9.62303619327486,2,0.25,4,6.544526478252427,36.95
480,0.82,612.5,318.5,147.0,12.45641652570096,5,0.4,1,3.086847264453236,28.65
447,0.64,784.0,343.0,220.5,12.856719939422188,2,0.1,5,7.1206230987760355,15.16
708,0.71,710.5,269.5,220.5,0.864417709223269,4,0.25,2,-3.9819984631438228,12.2
283,0.64,784.0,343.0,220.5,0.13390565055157388,5,0.0,0,4.29724713231167,10.56
96,0.86,588.0,294.0,147.0,14.723179876729365,4,0.1,5,2.3796124065072966,25.36
285,0.76,661.5,416.5,122.5,8.591585174371957,5,0.1,3,15.664390139072902,33.24
515,0.76,661.5,416.5,122.5,-8.35738524958125,4,0.4,5,8.312653779468027,39.31
225,0.71,710.5,269.5,220.5,7.402978278968591,5,0.4,4,6.526937324216595,14.66
26,0.9,563.5,318.5,122.5,1.5985738002049477,3,0.4,2,3.298169705873746,36.57
607,0.64,784.0,343.0,220.5,6.61327356534343,4,0.1,5,9.981497760056612,15.12
263,0.62,808.5,367.5,220.5,-4.131515355173159,3,0.25,5,8.10083568217109,13.99
437,0.62,808.5,367.5,220.5,15.803455347300423,4,0.25,3,11.360788979302564,13.95
50,0.9,563.5,318.5,122.5,-17.156097246566603,3,0.4,3,13.979142065730805,34.95
364,0.71,710.5,269.5,220.5,3.5565052690254118,2,0.1,5,5.381156369688432,10.78
229,0.64,784.0,343.0,220.5,-6.84618366296931,3,0.25,1,8.999718817212965,17.35
37,0.79,637.0,343.0,147.0,0.8982017714702861,4,0.1,1,0.9986216892522646,36.9
157,0.9,563.5,318.5,122.5,7.156933261551919,4,0.25,1,0.450743980791092,32.84
237,0.62,808.5,367.5,220.5,8.336122610842935,2,0.1,2,-3.6039459066401656,12.88
738,0.76,661.5,416.5,122.5,10.998912989922971,3,0.0,0,0.5458452269819958,23.93
374,0.98,514.5,294.0,110.25,12.54783129531195,5,0.1,4,10.922641244754027,24.32
469,0.69,735.0,294.0,220.5,9.017662441961555,3,0.4,5,4.961799290447642,14.28
370,0.82,612.5,318.5,147.0,-10.226743358969955,3,0.25,2,2.7418729290040336,25.98
442,0.76,661.5,416.5,122.5,11.411810201916186,5,0.25,2,16.902955432315117,36.45
740,0.74,686.0,245.0,220.5,6.441194343931373,5,0.25,4,3.905527860253807,12.43
175,0.79,637.0,343.0,147.0,-6.145510489233338,2,0.4,3,-2.0502013663322374,41.26
655,0.69,735.0,294.0,220.5,-0.3359437391939468,2,0.0,0,5.2782624769012445,6.85
127,0.79,637.0,343.0,147.0,-0.2164124348600831,5,0.1,5,9.037952291485201,35.48
571,0.79,637.0,343.0,147.0,10.463678602885569,2,0.25,3,1.07318397417306,39.04
194,0.79,637.0,343.0,147.0,5.1278411271441495,2,0.25,2,-0.8247566437827869,38.57
657,0.66,759.5,318.5,220.5,7.205478362140678,4,0.1,2,-0.8277456600402893,11.33
665,0.9,563.5,318.5,122.5,10.183416399574472,5,0.25,3,4.836468024668273,32.29
503,0.66,759.5,318.5,220.5,15.126085306568275,3,0.25,4,3.3537840708285094,13.0
742,0.66,759.5,318.5,220.5,8.504064134648285,2,0.1,5,6.5778332057769395,11.38
721,0.76,661.5,416.5,122.5,18.450934254649468,4,0.4,3,2.9274931838338003,38.89
741,0.79,637.0,343.0,147.0,-9.800212061212992,2,0.1,3,-0.6085563927022478,35.78
162,0.62,808.5,367.5,220.5,4.314850362095894,4,0.4,4,5.561119096361525,16.94
552,0.82,612.5,318.5,147.0,10.36075592361473,2,0.4,4,8.281983197808593,28.93
152,0.86,588.0,294.0,147.0,-2.446502522470759,2,0.25,1,-1.3620359946642093,29.54
536,0.74,686.0,245.0,220.5,7.3549284937479324,4,0.4,3,3.611606189695205,14.1
551,0.66,759.5,318.5,220.5,7.361503097673701,3,0.4,2,6.599281158592409,15.29
591,0.71,710.5,269.5,220.5,0.23519328671823514,3,0.25,5,-1.7464552660056842,12.19
111,0.86,588.0,294.0,147.0,-2.765699407313269,2,0.4,5,0.13237032678853533,32.31
226,0.64,784.0,343.0,220.5,17.934784878293947,5,0.4,2,6.082883117047743,19.12
542,0.82,612.5,318.5,147.0,7.687144050346643,3,0.1,5,6.746145325748728,23.89
103,0.9,563.5,318.5,122.5,16.63107549735053,2,0.1,5,0.9349741346670042,29.83
421,0.74,686.0,245.0,220.5,-8.09716175758824,3,0.0,0,9.481844538471872,6.05
419,0.79,637.0,343.0,147.0,1.7998085247448143,3,0.25,1,8.444390866303157,40.03
119,0.9,563.5,318.5,122.5,-2.110664942246153,5,0.0,0,-1.324074262520476,19.68
53,0.79,637.0,343.0,147.0,16.911570823515497,5,0.25,4,10.062525183696959,40.12
151,0.86,588.0,294.0,147.0,11.37695292140168,2,0.25,2,1.4671605384810382,29.34
403,0.66,759.5,318.5,220.5,-7.108381488656306,3,0.4,4,4.927397970120948,15.29
723,0.71,710.5,269.5,220.5,-6.99775354745125,4,0.4,5,17.457870080434006,12.76
207,0.98,514.5,294.0,110.25,4.140436617516583,3,0.25,5,9.65683632546024,28.58
650,0.98,514.5,294.0,110.25,10.278102367675979,4,0.1,2,8.380269462730876,24.13
